{
    "192.168.137.170": 275.9106445,
    "192.168.137.171": 312.8466797,
    "192.168.137.172": 252.7954102,
    "192.168.137.173": 183.0102539,
    "192.168.137.174": 103.7768555,
    "192.168.137.175": 343.7841797,
    "192.168.137.150": 234.909668,
    "192.168.137.151": 113.5107422,
    "192.168.137.152": 303.0688477,
    "192.168.137.153": 235.3710938,
    "192.168.137.154": 25.97167969,
    "192.168.137.155": 292.3681641,
    "192.168.137.190": 272.8125,
    "192.168.137.191": 139.7460938,
    "192.168.137.192": 222.0556641
}